timestamp,user_id,message,sender,sales_flag,success_flag,context_snapshot
2025-07-15 14:21:00,-,"""Good morning, Alex! Thanks for taking my call. This is Sarah from WebSolutions.""",interest,inquiry,FALSE,Bot offering web solutions; initial outreach.
2025-07-15 14:22:00,u123,"""Hi Sarah. What can I do for you?""",user,inquiry,FALSE,User asking back the bot.
2025-07-15 14:23:00,-,"""I noticed your current website could use an update, and I believe a modern, user-friendly site could significantly boost your online presence and sales.""",bot,interest,FALSE,Bot identifies a need and offers a solution.
2025-07-15 14:24:00,u123,"""We've been thinking about it, but budget's a bit tight right now.""",user,objection,FALSE,User expresses a budget objection.
2025-07-15 14:25:00,-,"""I understand. We have flexible packages, and I assure you, the return on investment will be substantial. Imagine a site that brings in 20% more leads.""",bot,interest,TRUE,Bot addresses objection and emphasizes value.
2025-07-15 14:26:00,u123,"""That sounds appealing, but I'm skeptical about the cost.""",user,objection,FALSE,User maintains a skeptical stance on cost.
2025-07-15 14:27:00,-,"""Let's focus on the value first. Our basic package includes a custom design, mobile responsiveness, and SEO optimization. It starts at just $2,500, and we can discuss payment plans.""",bot,interest,TRUE,Bot provides a specific starting price and payment options.
2025-07-15 14:28:00,u123,"""What kind of results have you seen for similar businesses?""",user,inquiry,FALSE,User requests a case study or social proof.
2025-07-15 14:29:00,-,"""We recently helped 'Local Bloom Florist' increase their online orders by 35% in three months. We can achieve similar results for you.""",bot,interest,TRUE,Bot provides a specific success story.
2025-07-15 14:30:00,u123,"""That's impressive. How long does a typical project take?""",user,inquiry,FALSE,User inquires about the project timeline.
2025-07-15 14:31:00,-,"""For a site like yours, we're looking at about 4-6 weeks from initial consultation to launch, assuming we get content quickly.""",bot,inquiry,TRUE,Bot provides a realistic project duration.
2025-07-15 14:32:00,u123,"""And ongoing support?""",user,interest,FALSE,User asks about post-launch support.
2025-07-15 14:33:00,-,"""Absolutely. We offer 90 days of free post-launch support, and then optional maintenance plans afterward. We're here for the long haul.""",bot,interest,TRUE,Bot confirms and details support options.
2025-07-15 14:34:00,u123,"""Hmm, 4-6 weeks... and what about e-commerce integration?""",user,inquiry,FALSE,User considers the timeline and asks about e-commerce.
2025-07-15 14:35:00,-,"""Yes, our premium package includes full e-commerce functionality, secure payment gateways, and inventory management.""",bot,interest,TRUE,Bot confirms e-commerce features.
2025-07-15 14:36:00,u123,"""What if I don't like the design?""",user,inquiry,FALSE,User expresses a concern about the design process.
2025-07-15 14:37:00,-,"""We provide unlimited revisions during the design phase. Your satisfaction is our priority.""",bot,interest,TRUE,Bot reassures the user about design flexibility.
2025-07-15 14:38:00,u123,"""Okay, this sounds promising. Can you send over a detailed proposal for the premium package?""",user,interest,TRUE,"User agrees to the next step, indicating a successful deal."
2025-07-15 14:39:00,-,"""Excellent! I'll email that right over. When's a good time to follow up and walk you through it?""",bot,interest,TRUE,Bot confirms action and schedules the next step.
2025-07-15 14:40:00,u123,"""How about Wednesday at 2 PM?""",user,interest,TRUE,User provides a specific time for follow-up.
2025-07-15 14:41:00,-,"""Perfect. Looking forward to it, Alex! You're going to love what we can do for your business.""",bot,interest,TRUE,Bot confirms the meeting and ends on a positive note.